1,Scrivener,Lacee,R,5203160892,8665 Mesta Court,V3H2H0
2,Lettuce,Sampson,R,2198643396,612 Kings Center,A2H4C0
3,Denson,Adeline,R,5135547772,23513 Redwing Point,E4R2N9
4,Gabel,Cleopatra,R,7156104247,26355 Bluestem Crossing,C1N5P6
5,Sedworth,Donavon,R,7259953723,115 Mariners Cove Street,B4N5L6
6,Rainton,Baryram,R,6617808197,25 Schlimgen Alley,T9N2C4
7,Moulsdall,Kameko,R,8505951984,9 Manley Avenue,T1V5Y3
8,Breakey,Lonnie,C,7205487700,4 Jackson Parkway,E3N2E2
9,Desbrow,Klaus,R,6622169010,072 Marcy Crossing,H7B0R9
10,Sellner,Margarita,R,2235115193,917 Westend Circle,N4W8M1
11,Etridge,Lotti,R,3951007893,54 Monterey Park,E1W8B6
12,Goldster,Hildegarde,R,8755177334,76 Pawling Junction,J7X3V4
13,Dupoy,Bevvy,R,5367479053,35766 Hollow Ridge Park,T1X4A2
14,Menicomb,Roxy,C,2022795362,48005 Kropf Pass,E7H3C1
15,Hallmark,Gaspard,C,2884016815,1 Sycamore Hill,T7A4S2
16,Andino,Lindsey,R,4143300707,97800 Northview Crossing,P2N3X3
17,Whitnall,Ellery,R,2828462143,95 Kedzie Crossing,E8K0L4
18,Shall,Leslie,C,7063168572,92300 Browning Junction,G7N5P3
19,Anthony,Tremaine,C,9808207076,067 Crescent Oaks Trail,S9V5P2
20,Agass,Mohandas,R,1003752309,46 Hoard Park,N1A6J8